Customer ID,sub
12346.0,1
12347.0,2
12348.0,1
12349.0,0
12352.0,2
12356.0,2
12357.0,2
12358.0,2
12359.0,2
12360.0,1
12362.0,2
12364.0,0
12370.0,1
12371.0,1
12372.0,0
12374.0,0
12375.0,0
12377.0,1
12378.0,1
12379.0,1
12380.0,2
12381.0,0
12383.0,1
12388.0,2
12391.0,0
12393.0,1
12395.0,2
12397.0,0
12399.0,1
12402.0,1
12406.0,2
12407.0,0
12408.0,2
12409.0,2
12412.0,1
12413.0,0
12414.0,1
12415.0,2
12417.0,2
12418.0,1
12421.0,0
12422.0,1
12423.0,2
12424.0,1
12425.0,0
12427.0,0
12428.0,2
12429.0,2
12431.0,2
12432.0,1
12433.0,2
12434.0,0
12435.0,1
12437.0,2
12438.0,0
12444.0,2
12449.0,2
12450.0,1
12451.0,2
12454.0,2
12455.0,1
12456.0,0
12457.0,1
12458.0,1
12462.0,0
12463.0,0
12464.0,0
12465.0,0
12468.0,1
12471.0,2
12472.0,2
12473.0,0
12474.0,2
12476.0,2
12477.0,2
12480.0,2
12481.0,2
12482.0,1
12483.0,2
12484.0,2
12488.0,0
12490.0,2
12492.0,0
12494.0,0
12497.0,1
12498.0,0
12500.0,2
12502.0,1
12504.0,0
12507.0,1
12510.0,1
12516.0,1
12517.0,0
12518.0,0
12520.0,1
12523.0,2
12524.0,2
12526.0,0
12527.0,0
12528.0,0
12530.0,1
12531.0,0
12536.0,1
12539.0,2
12540.0,2
12541.0,0
12546.0,0
12553.0,2
12557.0,2
12560.0,0
12562.0,2
12567.0,2
12569.0,2
12572.0,0
12576.0,0
12577.0,0
12578.0,0
12582.0,1
12583.0,2
12584.0,2
12586.0,0
12588.0,0
12589.0,2
12590.0,1
12592.0,1
12594.0,2
12597.0,0
12598.0,2
12599.0,2
12600.0,2
12601.0,1
12609.0,1
12610.0,0
12613.0,2
12615.0,2
12616.0,0
12619.0,2
12620.0,0
12621.0,2
12623.0,1
12625.0,1
12626.0,2
12627.0,2
12628.0,0
12630.0,0
12631.0,1
12633.0,1
12635.0,1
12637.0,2
12638.0,0
12640.0,0
12642.0,0
12643.0,1
12644.0,1
12645.0,2
12646.0,0
12647.0,2
12648.0,1
12649.0,1
12653.0,1
12654.0,0
12656.0,2
12657.0,0
12662.0,2
12664.0,2
12668.0,2
12669.0,1
12670.0,2
12673.0,0
12674.0,0
12676.0,2
12678.0,2
12679.0,0
12680.0,0
12681.0,2
12682.0,2
12683.0,2
12684.0,0
12685.0,0
12689.0,0
12691.0,0
12693.0,1
12694.0,0
12695.0,0
12697.0,0
12700.0,0
12701.0,1
12703.0,0
12704.0,2
12705.0,2
12708.0,2
12709.0,2
12710.0,0
12712.0,2
12713.0,0
12714.0,2
12716.0,0
12719.0,0
12720.0,2
12721.0,2
12722.0,0
12723.0,0
12724.0,0
12725.0,1
12726.0,2
12727.0,2
12728.0,0
12731.0,2
12733.0,1
12739.0,1
12744.0,2
12747.0,2
12748.0,2
12749.0,2
12753.0,2
12754.0,1
12755.0,1
12757.0,2
12758.0,1
12759.0,1
12762.0,0
12766.0,2
12775.0,0
12778.0,0
12779.0,2
12782.0,2
12783.0,0
12784.0,0
12787.0,0
12798.0,2
12802.0,1
12806.0,1
12808.0,0
12809.0,1
12811.0,1
12820.0,2
12823.0,2
12826.0,2
12827.0,0
12828.0,0
12830.0,2
12835.0,1
12836.0,2
12838.0,2
12839.0,2
12840.0,1
12841.0,2
12842.0,1
12843.0,2
12844.0,0
12847.0,0
12849.0,0
12853.0,1
12854.0,1
12856.0,0
12857.0,1
12863.0,1
12865.0,0
12867.0,2
12868.0,1
12872.0,1
12875.0,1
12876.0,1
12877.0,2
12879.0,0
12882.0,0
12883.0,0
12885.0,0
12890.0,0
12891.0,1
12901.0,2
12906.0,0
12908.0,1
12909.0,1
12910.0,2
12912.0,0
12913.0,2
12915.0,1
12916.0,1
12917.0,1
12919.0,0
12920.0,0
12921.0,2
12923.0,0
12924.0,1
12925.0,0
12928.0,2
12931.0,2
12932.0,1
12933.0,0
12935.0,2
12936.0,0
12937.0,2
12939.0,2
12947.0,1
12948.0,2
12949.0,2
12950.0,0
12951.0,2
12952.0,0
12953.0,0
12955.0,2
12957.0,2
12963.0,2
12970.0,0
12971.0,2
12975.0,1
12976.0,1
12978.0,1
12980.0,1
12982.0,1
12985.0,0
12986.0,1
12987.0,1
12989.0,2
12990.0,0
12991.0,0
12993.0,0
12994.0,0
12997.0,0
13000.0,1
13001.0,2
13004.0,2
13005.0,1
13012.0,2
13013.0,2
13014.0,2
13015.0,2
13016.0,0
13018.0,2
13019.0,1
13021.0,2
13023.0,0
13026.0,2
13027.0,2
13029.0,0
13030.0,0
13031.0,1
13032.0,1
13034.0,0
13035.0,0
13037.0,1
13038.0,0
13040.0,0
13044.0,1
13046.0,0
13047.0,2
13048.0,2
13049.0,0
13050.0,2
13052.0,1
13055.0,1
13059.0,1
13064.0,0
13069.0,2
13077.0,2
13078.0,2
13079.0,0
13081.0,2
13082.0,1
13083.0,0
13085.0,1
13089.0,2
13090.0,2
13091.0,0
13092.0,1
13093.0,2
13094.0,2
13097.0,2
13098.0,2
13102.0,2
13103.0,0
13104.0,0
13107.0,2
13109.0,0
13110.0,2
13113.0,2
13115.0,2
13117.0,2
13118.0,2
13124.0,1
13126.0,2
13131.0,2
13134.0,1
13136.0,2
13137.0,2
13138.0,0
13139.0,2
13140.0,1
13141.0,2
13145.0,0
13147.0,0
13148.0,2
13149.0,0
13152.0,1
13155.0,0
13157.0,2
13158.0,1
13159.0,0
13162.0,1
13165.0,0
13167.0,0
13168.0,0
13169.0,0
13171.0,0
13173.0,2
13174.0,2
13178.0,2
13183.0,2
13184.0,0
13186.0,0
13192.0,1
13196.0,2
13198.0,2
13199.0,2
13200.0,0
13202.0,1
13203.0,2
13206.0,1
13207.0,0
13208.0,1
13209.0,2
13211.0,2
13212.0,0
13213.0,1
13214.0,1
13220.0,1
13223.0,1
13224.0,0
13225.0,2
13230.0,2
13232.0,0
13233.0,0
13236.0,0
13238.0,0
13239.0,1
13240.0,1
13242.0,1
13243.0,1
13246.0,2
13247.0,0
13249.0,1
13253.0,1
13255.0,0
13258.0,0
13259.0,1
13263.0,2
13265.0,1
13266.0,2
13267.0,2
13268.0,2
13269.0,2
13276.0,1
13277.0,0
13278.0,0
13280.0,1
13282.0,0
13285.0,0
13291.0,1
13292.0,0
13293.0,1
13296.0,1
13297.0,2
13301.0,0
13305.0,2
13308.0,0
13309.0,0
13310.0,0
13311.0,0
13313.0,2
13314.0,0
13316.0,2
13317.0,2
13318.0,0
13319.0,2
13320.0,1
13323.0,0
13324.0,2
13327.0,2
13329.0,2
13330.0,1
13334.0,1
13338.0,1
13340.0,2
13344.0,0
13350.0,0
13357.0,1
13362.0,2
13363.0,0
13365.0,0
13373.0,1
13375.0,0
13376.0,0
13379.0,0
13381.0,2
13382.0,1
13384.0,2
13389.0,0
13394.0,2
13396.0,0
13397.0,1
13402.0,1
13404.0,0
13405.0,1
13408.0,2
13410.0,2
13414.0,1
13416.0,0
13417.0,0
13418.0,2
13421.0,2
13425.0,1
13426.0,2
13427.0,0
13428.0,0
13429.0,0
13430.0,0
13431.0,1
13434.0,1
13435.0,2
13437.0,2
13440.0,1
13446.0,1
13447.0,0
13448.0,2
13450.0,2
13451.0,2
13455.0,0
13456.0,0
13458.0,2
13461.0,1
13462.0,1
13464.0,1
13466.0,1
13467.0,0
13468.0,2
13471.0,0
13473.0,1
13475.0,1
13476.0,1
13477.0,2
13478.0,1
13481.0,2
13485.0,1
13486.0,0
13487.0,0
13488.0,2
13491.0,2
13492.0,1
13495.0,2
13496.0,0
13497.0,1
13499.0,0
13500.0,0
13501.0,1
13502.0,0
13503.0,1
13505.0,1
13506.0,1
13507.0,0
13509.0,0
13510.0,2
13514.0,0
13515.0,1
13516.0,0
13517.0,0
13520.0,2
13521.0,0
13523.0,2
13524.0,0
13525.0,0
13527.0,2
13531.0,1
13534.0,2
13536.0,2
13538.0,2
13539.0,1
13542.0,1
13544.0,0
13546.0,0
13549.0,0
13552.0,2
13554.0,1
13555.0,2
13557.0,2
13558.0,0
13561.0,1
13562.0,1
13564.0,2
13565.0,0
13566.0,0
13569.0,0
13571.0,2
13573.0,0
13575.0,0
13576.0,2
13577.0,2
13579.0,0
13587.0,0
13588.0,2
13589.0,0
13590.0,2
13591.0,1
13593.0,1
13596.0,0
13598.0,0
13599.0,2
13601.0,0
13602.0,0
13607.0,0
13610.0,2
13611.0,1
13614.0,0
13615.0,1
13617.0,0
13623.0,2
13627.0,1
13629.0,2
13630.0,0
13631.0,1
13632.0,2
13634.0,2
13635.0,1
13636.0,0
13637.0,0
13643.0,2
13644.0,0
13647.0,2
13648.0,1
13649.0,1
13650.0,2
13652.0,0
13654.0,2
13655.0,1
13656.0,1
13658.0,2
13659.0,1
13662.0,1
13663.0,1
13668.0,2
13680.0,2
13681.0,0
13685.0,2
13692.0,0
13693.0,1
13694.0,2
13695.0,2
13700.0,2
13704.0,2
13705.0,0
13707.0,1
13709.0,2
13710.0,0
13711.0,1
13715.0,1
13717.0,0
13719.0,2
13720.0,1
13722.0,1
13723.0,1
13725.0,1
13726.0,0
13727.0,0
13728.0,2
13734.0,1
13735.0,2
13736.0,2
13740.0,1
13742.0,2
13743.0,0
13748.0,1
13750.0,1
13752.0,1
13753.0,1
13755.0,2
13756.0,2
13758.0,2
13760.0,0
13761.0,1
13762.0,1
13763.0,1
13764.0,1
13767.0,2
13769.0,2
13771.0,1
13772.0,2
13777.0,2
13778.0,1
13780.0,0
13782.0,2
13784.0,2
13786.0,1
13787.0,1
13798.0,2
13799.0,1
13802.0,2
13804.0,2
13808.0,0
13810.0,0
13812.0,0
13813.0,1
13814.0,1
13815.0,2
13819.0,1
13821.0,1
13822.0,0
13823.0,2
13824.0,2
13831.0,2
13832.0,0
13835.0,0
13838.0,2
13842.0,2
13846.0,0
13848.0,1
13849.0,1
13851.0,1
13854.0,2
13856.0,1
13860.0,0
13862.0,2
13865.0,0
13867.0,0
13868.0,0
13869.0,1
13870.0,2
13871.0,2
13873.0,1
13874.0,1
13875.0,2
13878.0,0
13880.0,2
13881.0,2
13882.0,0
13883.0,2
13884.0,2
13888.0,1
13889.0,1
13890.0,2
13892.0,0
13894.0,0
13895.0,2
13897.0,0
13900.0,1
13901.0,2
13902.0,1
13908.0,1
13911.0,2
13914.0,0
13918.0,0
13919.0,0
13924.0,0
13925.0,0
13928.0,0
13929.0,1
13931.0,1
13939.0,0
13940.0,0
13941.0,2
13946.0,1
13949.0,0
13950.0,0
13952.0,1
13953.0,2
13954.0,0
13956.0,0
13958.0,1
13959.0,1
13962.0,0
13963.0,1
13969.0,2
13971.0,2
13975.0,2
13976.0,1
13979.0,1
13980.0,0
13982.0,2
13983.0,2
13984.0,2
13985.0,2
13988.0,2
13989.0,1
13991.0,0
13993.0,2
13994.0,0
13995.0,2
13999.0,2
14000.0,1
14001.0,2
14004.0,2
14005.0,0
14006.0,1
14013.0,1
14014.0,0
14016.0,1
14019.0,0
14020.0,0
14021.0,1
14023.0,0
14025.0,1
14028.0,1
14030.0,2
14031.0,2
14032.0,2
14034.0,0
14035.0,2
14037.0,1
14038.0,1
14040.0,2
14044.0,2
14045.0,2
14047.0,2
14049.0,2
14051.0,2
14055.0,1
14056.0,2
14057.0,2
14060.0,2
14062.0,2
14063.0,1
14064.0,2
14071.0,0
14075.0,0
14077.0,0
14078.0,1
14080.0,0
14081.0,1
14083.0,0
14085.0,2
14087.0,0
14088.0,2
14092.0,2
14096.0,2
14099.0,2
14101.0,2
14102.0,0
14104.0,1
14105.0,1
14107.0,2
14108.0,0
14110.0,2
14111.0,0
14112.0,2
14113.0,2
14114.0,1
14116.0,0
14121.0,0
14125.0,0
14126.0,0
14127.0,1
14128.0,0
14129.0,2
14130.0,1
14132.0,2
14133.0,1
14134.0,1
14135.0,2
14138.0,0
14139.0,0
14140.0,0
14141.0,0
14145.0,2
14146.0,2
14147.0,1
14152.0,1
14154.0,1
14156.0,2
14157.0,0
14159.0,2
14160.0,1
14161.0,1
14163.0,1
14164.0,0
14167.0,0
14173.0,0
14175.0,2
14177.0,1
14178.0,0
14180.0,2
14188.0,0
14189.0,2
14191.0,2
14193.0,0
14194.0,2
14195.0,1
14198.0,0
14201.0,1
14204.0,0
14205.0,2
14209.0,2
14210.0,1
14211.0,2
14212.0,0
14214.0,0
14215.0,2
14216.0,0
14217.0,2
14219.0,0
14220.0,1
14221.0,2
14223.0,0
14224.0,1
14226.0,0
14227.0,2
14229.0,1
14231.0,1
14232.0,0
14233.0,1
14234.0,0
14235.0,1
14236.0,1
14239.0,2
14240.0,0
14243.0,2
14246.0,1
14249.0,1
14250.0,0
14251.0,0
14256.0,1
14257.0,1
14258.0,2
14261.0,0
14262.0,2
14264.0,1
14265.0,1
14267.0,1
14272.0,0
14273.0,0
14276.0,1
14277.0,2
14282.0,2
14284.0,0
14285.0,2
14286.0,2
14289.0,0
14290.0,2
14291.0,2
14292.0,2
14293.0,2
14295.0,0
14297.0,0
14298.0,2
14299.0,2
14301.0,1
14305.0,0
14306.0,1
14307.0,1
14309.0,2
14312.0,2
14315.0,1
14320.0,1
14321.0,0
14327.0,1
14329.0,2
14332.0,0
14334.0,2
14336.0,0
14341.0,2
14342.0,0
14344.0,1
14346.0,1
14352.0,1
14359.0,0
14360.0,0
14364.0,1
14367.0,2
14379.0,0
14382.0,0
14383.0,0
14387.0,0
14388.0,2
14389.0,1
14390.0,2
14395.0,2
14396.0,1
14397.0,2
14399.0,1
14400.0,1
14401.0,2
14403.0,1
14404.0,2
14407.0,1
14408.0,2
14409.0,1
14410.0,1
14412.0,0
14414.0,1
14415.0,2
14418.0,0
14419.0,0
14420.0,1
14421.0,1
14422.0,2
14426.0,2
14427.0,0
14428.0,0
14431.0,1
14432.0,0
14434.0,0
14439.0,1
14440.0,2
14441.0,2
14442.0,1
14443.0,1
14446.0,0
14447.0,0
14449.0,0
14450.0,1
14451.0,1
14452.0,0
14456.0,2
14459.0,1
14460.0,1
14461.0,1
14462.0,1
14463.0,0
14465.0,1
14466.0,2
14467.0,2
14470.0,0
14472.0,1
14474.0,0
14475.0,0
14477.0,0
14480.0,0
14481.0,1
14482.0,2
14484.0,0
14487.0,0
14489.0,1
14492.0,1
14493.0,2
14494.0,0
14496.0,1
14498.0,2
14499.0,0
14502.0,2
14503.0,2
14504.0,0
14505.0,2
14506.0,2
14507.0,2
14508.0,0
14511.0,0
14512.0,1
14513.0,1
14514.0,1
14515.0,2
14520.0,0
14522.0,0
14524.0,2
14525.0,2
14527.0,2
14530.0,2
14532.0,1
14533.0,2
14534.0,2
14535.0,2
14538.0,1
14540.0,2
14541.0,1
14543.0,2
14544.0,0
14546.0,2
14547.0,2
14548.0,1
14550.0,0
14551.0,0
14553.0,0
14554.0,0
14555.0,1
14560.0,2
14561.0,0
14562.0,2
14565.0,1
14566.0,1
14567.0,0
14569.0,0
14572.0,2
14573.0,1
14577.0,0
14583.0,0
14584.0,1
14585.0,0
14587.0,0
14590.0,1
14591.0,0
14592.0,0
14593.0,2
14594.0,0
14595.0,0
14597.0,0
14606.0,2
14607.0,2
14608.0,2
14609.0,1
14618.0,0
14621.0,2
14623.0,2
14624.0,0
14625.0,1
14626.0,2
14628.0,1
14629.0,0
14631.0,1
14639.0,2
14640.0,2
14643.0,1
14644.0,1
14646.0,2
14648.0,1
14649.0,2
14651.0,1
14653.0,2
14655.0,2
14656.0,1
14657.0,0
14659.0,2
14662.0,0
14664.0,0
14665.0,1
14667.0,2
14669.0,1
14673.0,2
14675.0,0
14676.0,2
14680.0,2
14681.0,0
14682.0,1
14684.0,0
14685.0,1
14687.0,1
14688.0,2
14690.0,0
14691.0,0
14692.0,1
14693.0,1
14696.0,2
14698.0,0
14700.0,0
14701.0,2
14702.0,2
14704.0,2
14708.0,0
14709.0,2
14710.0,2
14711.0,2
14712.0,0
14713.0,2
14714.0,0
14715.0,0
14716.0,0
14719.0,0
14720.0,0
14723.0,2
14725.0,0
14730.0,2
14732.0,2
14733.0,2
14735.0,2
14737.0,0
14738.0,1
14739.0,2
14740.0,1
14741.0,0
14744.0,2
14745.0,1
14748.0,2
14754.0,0
14755.0,2
14756.0,0
14758.0,1
14759.0,0
14766.0,2
14769.0,2
14770.0,1
14775.0,0
14776.0,2
14784.0,0
14788.0,0
14790.0,2
14794.0,2
14796.0,2
14798.0,0
14800.0,2
14805.0,0
14808.0,1
14810.0,2
14817.0,1
14818.0,1
14819.0,0
14820.0,0
14821.0,1
14824.0,2
14825.0,2
14828.0,1
14829.0,0
14834.0,0
14837.0,1
14841.0,2
14842.0,0
14844.0,2
14849.0,2
14850.0,1
14851.0,0
14852.0,2
14853.0,0
14854.0,1
14855.0,1
14856.0,0
14857.0,1
14859.0,0
14861.0,1
14862.0,0
14866.0,2
14867.0,1
14868.0,2
14869.0,0
14870.0,1
14871.0,0
14875.0,1
14878.0,2
14882.0,2
14883.0,0
14885.0,1
14891.0,1
14893.0,0
14894.0,0
14895.0,2
14896.0,1
14897.0,2
14898.0,2
14901.0,2
14902.0,0
14903.0,0
14904.0,0
14905.0,1
14907.0,2
14910.0,0
14911.0,2
14912.0,0
14913.0,2
14915.0,1
14916.0,1
14918.0,1
14921.0,0
14929.0,0
14930.0,1
14931.0,0
14934.0,1
14936.0,2
14937.0,0
14944.0,2
14947.0,1
14948.0,0
14952.0,2
14953.0,0
14958.0,1
14959.0,0
14961.0,2
14963.0,2
14966.0,0
14967.0,1
14970.0,1
14971.0,0
14973.0,1
14976.0,0
14978.0,1
14984.0,0
14987.0,0
14988.0,1
14997.0,0
15002.0,1
15005.0,2
15009.0,0
15012.0,0
15013.0,1
15015.0,1
15018.0,0
15021.0,2
15022.0,0
15023.0,2
15024.0,2
15025.0,0
15026.0,1
15027.0,2
15028.0,0
15030.0,1
15031.0,2
15032.0,1
15033.0,2
15034.0,2
15038.0,1
15039.0,2
15043.0,0
15044.0,2
15046.0,2
15050.0,0
15051.0,2
15053.0,0
15057.0,1
15058.0,2
15059.0,2
15060.0,0
15061.0,2
15062.0,1
15065.0,0
15067.0,1
15068.0,0
15071.0,1
15073.0,2
15074.0,1
15078.0,2
15079.0,1
15081.0,2
15088.0,0
15089.0,0
15091.0,0
15093.0,2
15095.0,1
15097.0,0
15098.0,1
15100.0,1
15101.0,0
15105.0,2
15106.0,0
15107.0,1
15108.0,1
15110.0,0
15111.0,0
15113.0,0
15114.0,2
15116.0,0
15117.0,2
15122.0,1
15123.0,2
15124.0,0
15125.0,2
15128.0,1
15129.0,2
15132.0,0
15133.0,1
15134.0,0
15136.0,0
15140.0,1
15141.0,1
15142.0,1
15144.0,2
15145.0,0
15149.0,1
15150.0,2
15152.0,2
15154.0,0
15156.0,0
15157.0,0
15159.0,2
15164.0,1
15167.0,1
15172.0,0
15173.0,1
15179.0,2
15181.0,0
15182.0,1
15184.0,0
15186.0,0
15187.0,2
15189.0,2
15192.0,1
15194.0,2
15195.0,0
15197.0,0
15198.0,0
15199.0,1
15201.0,1
15202.0,1
15203.0,2
15206.0,0
15208.0,0
15214.0,0
15215.0,1
15218.0,2
15220.0,1
15222.0,1
15223.0,1
15227.0,1
15228.0,1
15235.0,1
15237.0,0
15238.0,0
15239.0,0
15240.0,2
15241.0,1
15244.0,0
15245.0,1
15249.0,2
15251.0,2
15252.0,0
15253.0,0
15255.0,1
15260.0,2
15261.0,1
15265.0,1
15267.0,0
15269.0,0
15270.0,2
15271.0,2
15272.0,1
15274.0,0
15276.0,0
15279.0,1
15281.0,2
15287.0,0
15288.0,2
15289.0,0
15290.0,2
15291.0,2
15296.0,2
15297.0,0
15298.0,2
15299.0,1
15301.0,2
15304.0,1
15306.0,1
15311.0,2
15312.0,1
15321.0,2
15325.0,1
15326.0,1
15329.0,2
15332.0,1
15339.0,1
15341.0,0
15344.0,0
15351.0,2
15353.0,1
15356.0,2
15358.0,2
15365.0,2
15366.0,1
15367.0,2
15368.0,0
15369.0,1
15370.0,2
15372.0,1
15373.0,2
15376.0,0
15379.0,1
15380.0,2
15381.0,1
15382.0,2
15384.0,1
15385.0,0
15389.0,1
15392.0,2
15393.0,0
15394.0,2
15398.0,0
15399.0,0
15400.0,1
15402.0,1
15406.0,0
15407.0,0
15410.0,1
15411.0,0
15413.0,1
15414.0,0
15416.0,1
15421.0,1
15422.0,1
15426.0,2
15427.0,0
15428.0,0
15434.0,2
15436.0,0
15443.0,2
15444.0,0
15449.0,0
15452.0,0
15453.0,0
15456.0,1
15462.0,0
15465.0,2
15466.0,1
15467.0,0
15468.0,0
15469.0,0
15471.0,0
15473.0,0
15476.0,1
15478.0,0
15480.0,1
15482.0,2
15483.0,1
15484.0,2
15485.0,2
15488.0,0
15489.0,2
15491.0,1
15493.0,2
15494.0,0
15497.0,2
15498.0,2
15500.0,0
15502.0,2
15505.0,1
15506.0,0
15508.0,1
15511.0,0
15513.0,2
15514.0,2
15518.0,2
15521.0,2
15523.0,2
15525.0,0
15527.0,2
15529.0,2
15530.0,0
15531.0,0
15532.0,2
15533.0,0
15535.0,1
15538.0,1
15540.0,0
15544.0,2
15547.0,2
15549.0,1
15550.0,2
15551.0,0
15555.0,2
15561.0,0
15563.0,2
15568.0,0
15569.0,1
15570.0,2
15571.0,2
15572.0,2
15573.0,0
15574.0,1
15579.0,1
15580.0,1
15581.0,2
15582.0,0
15584.0,0
15587.0,1
15594.0,0
15596.0,1
15599.0,0
15601.0,2
15602.0,2
15605.0,0
15606.0,2
15607.0,1
15608.0,0
15611.0,2
15614.0,1
15615.0,2
15618.0,0
15620.0,0
15621.0,0
15622.0,2
15623.0,1
15625.0,1
15626.0,0
15628.0,2
15630.0,0
15632.0,2
15633.0,1
15636.0,1
15637.0,0
15638.0,1
15640.0,2
15641.0,1
15645.0,0
15646.0,1
15651.0,0
15652.0,1
15654.0,0
15656.0,0
15658.0,1
15659.0,0
15660.0,2
15661.0,1
15664.0,0
15665.0,1
15669.0,0
15671.0,0
15673.0,1
15674.0,2
15675.0,0
15676.0,0
15677.0,0
15678.0,0
15679.0,0
15680.0,2
15681.0,2
15687.0,2
15694.0,2
15696.0,2
15701.0,0
15704.0,1
15706.0,0
15707.0,0
15708.0,2
15712.0,2
15713.0,1
15714.0,0
15716.0,1
15719.0,2
15720.0,0
15722.0,2
15727.0,2
15730.0,1
15732.0,1
15734.0,1
15737.0,0
15738.0,2
15743.0,0
15745.0,0
15747.0,2
15748.0,0
15749.0,1
15750.0,2
15751.0,1
15752.0,2
15754.0,1
15755.0,2
15756.0,0
15757.0,1
15759.0,1
15763.0,0
15764.0,1
15766.0,0
15768.0,2
15769.0,2
15773.0,0
15774.0,1
15777.0,1
15782.0,0
15785.0,2
15786.0,2
15787.0,0
15789.0,1
15791.0,1
15793.0,2
15795.0,1
15796.0,2
15797.0,1
15799.0,1
15800.0,1
15801.0,0
15803.0,0
15804.0,2
15805.0,2
15806.0,0
15807.0,0
15808.0,1
15809.0,0
15810.0,1
15811.0,2
15812.0,1
15814.0,0
15815.0,1
15819.0,2
15822.0,0
15823.0,1
15826.0,1
15827.0,2
15831.0,0
15834.0,1
15835.0,0
15838.0,2
15839.0,0
15841.0,1
15845.0,2
15847.0,0
15850.0,0
15854.0,2
15855.0,1
15856.0,2
15858.0,2
15860.0,2
15861.0,2
15862.0,2
15863.0,0
15864.0,0
15865.0,0
15867.0,2
15870.0,0
15872.0,0
15874.0,2
15877.0,0
15882.0,1
15883.0,0
15885.0,1
15886.0,0
15889.0,1
15898.0,2
15900.0,0
15901.0,0
15903.0,2
15906.0,2
15907.0,0
15910.0,2
15911.0,1
15912.0,1
15916.0,2
15920.0,1
15932.0,2
15933.0,0
15938.0,1
15939.0,2
15944.0,1
15948.0,0
15950.0,2
15951.0,0
15952.0,0
15953.0,2
15955.0,2
15957.0,0
15965.0,2
15967.0,2
15969.0,0
15971.0,2
15974.0,1
15976.0,1
15977.0,0
15978.0,1
15980.0,1
15981.0,2
15983.0,2
15984.0,2
15985.0,1
15987.0,0
15988.0,0
15990.0,1
15992.0,0
15993.0,2
15994.0,0
15996.0,1
15998.0,2
16000.0,2
16003.0,2
16004.0,1
16005.0,2
16007.0,1
16008.0,2
16009.0,0
16010.0,1
16011.0,2
16012.0,0
16013.0,2
16014.0,0
16015.0,0
16016.0,2
16017.0,0
16018.0,0
16019.0,2
16020.0,0
16023.0,0
16024.0,0
16027.0,1
16029.0,2
16032.0,1
16033.0,2
16034.0,1
16036.0,1
16037.0,1
16038.0,0
16040.0,1
16041.0,0
16042.0,0
16043.0,0
16045.0,1
16049.0,0
16053.0,2
16054.0,1
16057.0,2
16059.0,1
16062.0,2
16065.0,1
16066.0,0
16070.0,0
16071.0,0
16072.0,1
16076.0,2
16079.0,0
16080.0,0
16081.0,1
16083.0,1
16085.0,2
16086.0,1
16087.0,1
16092.0,1
16094.0,2
16096.0,1
16098.0,1
16099.0,1
16101.0,1
16102.0,0
16103.0,2
16104.0,1
16105.0,1
16107.0,2
16108.0,1
16110.0,0
16115.0,2
16119.0,0
16120.0,1
16121.0,0
16122.0,1
16124.0,1
16125.0,1
16126.0,2
16128.0,2
16131.0,2
16133.0,2
16134.0,0
16136.0,0
16139.0,0
16140.0,0
16143.0,2
16145.0,2
16146.0,1
16147.0,1
16149.0,0
16150.0,2
16153.0,2
16156.0,2
16157.0,0
16161.0,2
16163.0,1
16164.0,0
16168.0,2
16169.0,0
16170.0,2
16172.0,1
16173.0,0
16174.0,1
16175.0,1
16177.0,1
16180.0,2
16182.0,2
16183.0,0
16184.0,1
16185.0,0
16186.0,2
16187.0,2
16188.0,0
16190.0,1
16191.0,2
16197.0,1
16200.0,2
16201.0,0
16202.0,1
16203.0,0
16204.0,0
16205.0,0
16206.0,1
16208.0,2
16209.0,1
16210.0,2
16211.0,0
16212.0,0
16214.0,1
16218.0,2
16221.0,1
16224.0,0
16225.0,2
16229.0,1
16232.0,1
16233.0,1
16235.0,1
16239.0,1
16240.0,0
16241.0,2
16242.0,2
16245.0,0
16249.0,0
16253.0,1
16255.0,2
16258.0,2
16261.0,0
16265.0,2
16266.0,1
16271.0,2
16275.0,1
16276.0,1
16278.0,0
16279.0,2
16281.0,1
16283.0,2
16284.0,0
16287.0,1
16292.0,1
16293.0,2
16295.0,0
16298.0,0
16303.0,2
16306.0,1
16308.0,2
16311.0,0
16313.0,0
16316.0,2
16317.0,1
16320.0,1
16321.0,0
16322.0,0
16325.0,2
16326.0,2
16327.0,2
16330.0,0
16331.0,1
16332.0,2
16333.0,2
16335.0,1
16336.0,1
16340.0,1
16341.0,2
16343.0,0
16345.0,0
16347.0,2
16348.0,0
16350.0,2
16351.0,1
16353.0,2
16354.0,0
16357.0,0
16358.0,0
16359.0,2
16360.0,2
16361.0,0
16362.0,0
16364.0,0
16365.0,2
16366.0,0
16367.0,0
16368.0,0
16369.0,0
16370.0,1
16372.0,0
16374.0,1
16376.0,0
16379.0,0
16383.0,1
16384.0,1
16385.0,0
16386.0,0
16389.0,0
16393.0,2
16394.0,0
16395.0,1
16399.0,0
16400.0,1
16401.0,2
16406.0,0
16407.0,2
16409.0,2
16411.0,0
16412.0,0
16414.0,0
16415.0,0
16416.0,2
16418.0,0
16419.0,1
16422.0,2
16426.0,2
16430.0,0
16434.0,2
16438.0,0
16440.0,2
16441.0,0
16442.0,0
16444.0,2
16445.0,0
16446.0,2
16450.0,1
16451.0,0
16455.0,1
16456.0,1
16458.0,2
16460.0,0
16463.0,0
16464.0,0
16466.0,2
16467.0,1
16468.0,0
16469.0,0
16470.0,1
16474.0,0
16475.0,0
16477.0,1
16485.0,1
16488.0,0
16491.0,0
16493.0,1
16495.0,0
16496.0,0
16497.0,2
16499.0,1
16500.0,0
16503.0,1
16510.0,1
16511.0,0
16513.0,0
16515.0,1
16518.0,0
16519.0,0
16520.0,1
16523.0,2
16525.0,2
16529.0,1
16531.0,2
16532.0,2
16533.0,0
16535.0,0
16539.0,2
16546.0,1
16549.0,2
16550.0,1
16551.0,1
16553.0,2
16554.0,1
16555.0,0
16556.0,2
16558.0,2
16560.0,2
16561.0,0
16563.0,1
16566.0,0
16569.0,0
16570.0,2
16571.0,2
16574.0,0
16584.0,1
16589.0,0
16592.0,2
16593.0,0
16595.0,1
16596.0,0
16600.0,2
16601.0,0
16607.0,2
16609.0,2
16611.0,1
16612.0,2
16618.0,0
16619.0,1
16620.0,0
16621.0,0
16625.0,1
16626.0,2
16628.0,0
16631.0,1
16633.0,0
16634.0,1
16636.0,1
16637.0,0
16638.0,2
16639.0,0
16642.0,0
16648.0,0
16650.0,1
16652.0,2
16653.0,0
16654.0,1
16655.0,2
16656.0,2
16657.0,0
16660.0,0
16668.0,0
16669.0,0
16670.0,2
16671.0,0
16672.0,2
16676.0,0
16678.0,2
16680.0,0
16681.0,1
16682.0,0
16684.0,2
16686.0,2
16688.0,0
16692.0,1
16693.0,0
16699.0,1
16700.0,2
16701.0,2
16705.0,2
16706.0,0
16709.0,2
16710.0,2
16711.0,2
16712.0,2
16713.0,2
16714.0,1
16717.0,2
16718.0,1
16719.0,2
16720.0,0
16722.0,2
16723.0,1
16725.0,1
16726.0,0
16728.0,0
16729.0,2
16730.0,0
16732.0,0
16734.0,0
16735.0,1
16736.0,1
16742.0,2
16743.0,2
16744.0,0
16745.0,2
16746.0,2
16748.0,2
16750.0,0
16754.0,1
16755.0,1
16756.0,1
16759.0,0
16762.0,0
16764.0,2
16767.0,2
16768.0,1
16770.0,1
16771.0,2
16774.0,1
16775.0,2
16777.0,1
16779.0,2
16782.0,2
16784.0,0
16788.0,1
16790.0,0
16791.0,2
16794.0,2
16797.0,1
16801.0,1
16804.0,0
16805.0,1
16806.0,1
16807.0,1
16809.0,0
16811.0,0
16812.0,1
16813.0,0
16814.0,2
16817.0,2
16818.0,2
16823.0,1
16824.0,0
16825.0,0
16830.0,0
16833.0,0
16835.0,1
16836.0,0
16837.0,2
16838.0,1
16839.0,2
16841.0,2
16842.0,1
16843.0,2
16846.0,0
16848.0,0
16851.0,0
16856.0,0
16858.0,1
16859.0,1
16861.0,0
16863.0,0
16869.0,0
16871.0,0
16872.0,1
16873.0,2
16875.0,1
16877.0,0
16880.0,0
16882.0,0
16883.0,1
16884.0,0
16885.0,0
16887.0,0
16889.0,1
16891.0,2
16892.0,0
16895.0,0
16898.0,0
16899.0,0
16900.0,0
16903.0,0
16904.0,2
16905.0,2
16906.0,1
16907.0,0
16910.0,0
16912.0,2
16915.0,2
16916.0,0
16918.0,2
16919.0,1
16923.0,2
16924.0,0
16928.0,2
16929.0,0
16930.0,0
16931.0,2
16933.0,2
16934.0,1
16938.0,2
16940.0,2
16942.0,0
16943.0,1
16945.0,2
16947.0,1
16948.0,1
16949.0,0
16950.0,1
16951.0,1
16952.0,1
16954.0,2
16955.0,1
16960.0,1
16966.0,0
16968.0,0
16969.0,0
16979.0,2
16983.0,2
16984.0,1
16985.0,2
16986.0,2
16987.0,2
16988.0,0
16989.0,0
16992.0,2
16996.0,0
17001.0,2
17002.0,1
17004.0,0
17006.0,0
17007.0,0
17011.0,0
17014.0,0
17015.0,0
17017.0,2
17018.0,0
17019.0,2
17025.0,0
17027.0,1
17029.0,1
17031.0,0
17032.0,1
17033.0,1
17034.0,0
17041.0,0
17042.0,0
17043.0,2
17044.0,2
17045.0,1
17046.0,1
17047.0,1
17048.0,1
17049.0,2
17050.0,1
17054.0,0
17058.0,0
17059.0,2
17061.0,1
17063.0,2
17064.0,0
17068.0,2
17069.0,2
17071.0,2
17073.0,0
17075.0,2
17076.0,0
17080.0,0
17081.0,0
17082.0,2
17083.0,1
17084.0,0
17085.0,1
17086.0,0
17088.0,0
17090.0,2
17091.0,2
17092.0,2
17095.0,0
17096.0,2
17097.0,0
17100.0,0
17101.0,0
17107.0,2
17109.0,0
17113.0,1
17114.0,0
17115.0,2
17119.0,0
17126.0,1
17131.0,0
17133.0,2
17135.0,0
17138.0,1
17139.0,2
17144.0,0
17145.0,1
17146.0,1
17147.0,2
17150.0,1
17152.0,1
17155.0,0
17157.0,2
17158.0,0
17159.0,0
17160.0,2
17162.0,0
17163.0,0
17164.0,0
17165.0,1
17169.0,0
17172.0,0
17173.0,2
17175.0,0
17179.0,1
17180.0,1
17183.0,2
17188.0,2
17189.0,1
17190.0,1
17191.0,2
17193.0,1
17198.0,0
17201.0,0
17203.0,2
17204.0,1
17205.0,0
17211.0,2
17213.0,2
17214.0,0
17218.0,2
17220.0,2
17221.0,0
17222.0,1
17227.0,2
17228.0,2
17230.0,1
17231.0,2
17232.0,0
17233.0,0
17235.0,0
17236.0,2
17237.0,0
17238.0,2
17241.0,1
17242.0,1
17243.0,2
17244.0,0
17250.0,0
17254.0,0
17255.0,0
17256.0,0
17259.0,1
17262.0,1
17266.0,0
17268.0,1
17272.0,0
17282.0,1
17284.0,1
17286.0,0
17287.0,2
17288.0,2
17289.0,0
17290.0,0
17293.0,2
17295.0,0
17298.0,1
17299.0,0
17302.0,0
17306.0,2
17307.0,1
17311.0,1
17314.0,2
17315.0,2
17317.0,0
17320.0,1
17321.0,0
17323.0,2
17324.0,2
17329.0,0
17330.0,0
17337.0,1
17338.0,2
17340.0,2
17341.0,1
17343.0,1
17345.0,0
17346.0,2
17348.0,2
17349.0,1
17350.0,0
17351.0,2
17353.0,1
17354.0,1
17360.0,0
17361.0,0
17362.0,1
17364.0,2
17365.0,2
17368.0,2
17371.0,0
17372.0,2
17373.0,0
17377.0,2
17381.0,2
17382.0,1
17383.0,0
17384.0,0
17386.0,2
17387.0,0
17388.0,1
17389.0,2
17396.0,2
17397.0,0
17400.0,1
17402.0,2
17404.0,2
17405.0,0
17406.0,1
17409.0,1
17410.0,0
17411.0,0
17412.0,2
17414.0,1
17416.0,2
17418.0,0
17419.0,2
17420.0,0
17422.0,2
17423.0,0
17425.0,0
17426.0,2
17428.0,2
17429.0,1
17430.0,0
17432.0,0
17434.0,2
17436.0,0
17438.0,1
17442.0,2
17444.0,1
17448.0,1
17449.0,2
17450.0,2
17451.0,0
17454.0,1
17457.0,1
17458.0,0
17460.0,1
17461.0,0
17463.0,0
17465.0,1
17466.0,0
17469.0,2
17470.0,1
17481.0,0
17483.0,0
17490.0,2
17491.0,2
17495.0,0
17500.0,0
17502.0,0
17503.0,0
17504.0,1
17505.0,1
17508.0,1
17509.0,1
17511.0,2
17512.0,2
17513.0,0
17515.0,0
17516.0,0
17519.0,2
17521.0,0
17522.0,0
17523.0,0
17526.0,2
17527.0,0
17528.0,2
17530.0,2
17534.0,0
17537.0,0
17540.0,0
17545.0,0
17550.0,1
17552.0,1
17553.0,1
17554.0,0
17555.0,0
17557.0,0
17560.0,1
17561.0,0
17562.0,0
17564.0,0
17566.0,0
17567.0,2
17571.0,0
17572.0,1
17576.0,2
17578.0,1
17579.0,0
17581.0,2
17582.0,1
17584.0,2
17585.0,1
17588.0,1
17589.0,2
17590.0,0
17591.0,1
17593.0,2
17594.0,1
17596.0,2
17597.0,1
17602.0,2
17603.0,1
17604.0,1
17608.0,0
17609.0,1
17611.0,2
17612.0,2
17613.0,2
17615.0,1
17618.0,2
17621.0,0
17623.0,0
17624.0,0
17625.0,2
17629.0,2
17631.0,0
17633.0,0
17634.0,1
17640.0,1
17642.0,1
17644.0,2
17646.0,1
17648.0,1
17649.0,1
17651.0,2
17652.0,2
17653.0,0
17655.0,2
17656.0,1
17659.0,2
17663.0,2
17664.0,0
17666.0,0
17667.0,1
17668.0,0
17669.0,2
17671.0,0
17672.0,1
17673.0,2
17675.0,2
17676.0,2
17677.0,2
17679.0,1
17680.0,0
17682.0,2
17685.0,2
17686.0,2
17690.0,2
17692.0,1
17694.0,1
17695.0,1
17696.0,2
17700.0,2
17702.0,0
17703.0,0
17705.0,2
17706.0,2
17707.0,1
17709.0,1
17714.0,1
17716.0,2
17719.0,2
17720.0,2
17722.0,1
17723.0,1
17724.0,0
17725.0,2
17726.0,1
17728.0,2
17730.0,2
17731.0,1
17732.0,1
17734.0,0
17735.0,2
17736.0,0
17738.0,2
17739.0,2
17742.0,1
17744.0,2
17750.0,0
17754.0,2
17757.0,2
17758.0,2
17759.0,0
17760.0,0
17764.0,0
17768.0,2
17769.0,2
17770.0,1
17772.0,0
17774.0,1
17777.0,0
17779.0,0
17787.0,1
17790.0,2
17796.0,0
17797.0,0
17799.0,2
17800.0,0
17802.0,1
17809.0,2
17811.0,2
17812.0,0
17813.0,0
17817.0,0
17819.0,1
17822.0,1
17827.0,0
17828.0,0
17829.0,1
17830.0,0
17835.0,0
17837.0,0
17838.0,2
17841.0,2
17848.0,2
17849.0,1
17850.0,1
17851.0,1
17852.0,0
17854.0,1
17856.0,0
17857.0,2
17858.0,2
17861.0,2
17863.0,2
17864.0,0
17865.0,2
17867.0,2
17869.0,1
17870.0,2
17871.0,1
17873.0,2
17874.0,1
17878.0,0
17883.0,0
17884.0,2
17886.0,0
17888.0,2
17889.0,1
17894.0,1
17897.0,1
17905.0,1
17913.0,1
17919.0,0
17920.0,2
17921.0,1
17924.0,2
17926.0,1
17929.0,2
17930.0,2
17931.0,1
17932.0,0
17934.0,0
17935.0,1
17937.0,2
17940.0,2
17941.0,1
17949.0,2
17950.0,1
17951.0,0
17954.0,2
17955.0,1
17961.0,2
17965.0,2
17966.0,1
17969.0,1
17974.0,0
17975.0,2
17977.0,0
17979.0,0
17980.0,1
17984.0,1
17987.0,1
17988.0,0
17990.0,1
17994.0,1
17997.0,1
17999.0,0
18001.0,0
18006.0,0
18008.0,2
18009.0,1
18016.0,0
18017.0,0
18022.0,0
18025.0,1
18034.0,0
18035.0,0
18036.0,0
18037.0,1
18041.0,2
18043.0,0
18044.0,2
18051.0,1
18055.0,2
18058.0,0
18061.0,2
18062.0,1
18064.0,1
18065.0,2
18066.0,0
18069.0,2
18071.0,1
18073.0,1
18075.0,2
18077.0,2
18079.0,1
18080.0,0
18084.0,0
18087.0,2
18092.0,2
18093.0,1
18094.0,1
18095.0,1
18096.0,0
18097.0,2
18101.0,0
18102.0,2
18106.0,1
18109.0,2
18112.0,0
18116.0,1
18118.0,2
18122.0,0
18123.0,0
18125.0,0
18127.0,0
18130.0,0
18135.0,0
18136.0,1
18139.0,2
18144.0,2
18145.0,2
18149.0,1
18150.0,0
18151.0,1
18154.0,0
18156.0,0
18158.0,0
18160.0,0
18161.0,0
18167.0,0
18168.0,1
18170.0,2
18171.0,1
18172.0,2
18173.0,1
18177.0,2
18178.0,1
18179.0,2
18180.0,0
18181.0,0
18188.0,2
18189.0,0
18194.0,1
18196.0,1
18198.0,2
18204.0,0
18210.0,2
18211.0,0
18215.0,1
18217.0,0
18219.0,2
18220.0,1
18221.0,0
18223.0,2
18225.0,2
18226.0,2
18229.0,2
18230.0,2
18231.0,1
18232.0,0
18235.0,0
18236.0,2
18237.0,0
18239.0,1
18241.0,2
18242.0,1
18245.0,2
18246.0,0
18251.0,2
18252.0,1
18257.0,2
18258.0,1
18259.0,2
18260.0,1
18263.0,0
18268.0,1
18272.0,2
18273.0,0
18276.0,0
18277.0,0
18283.0,2
18287.0,1
12350.0,5
12351.0,5
12353.0,4
12354.0,4
12355.0,4
12361.0,4
12363.0,3
12365.0,4
12366.0,5
12367.0,3
12368.0,4
12369.0,4
12373.0,4
12376.0,4
12384.0,3
12385.0,4
12386.0,4
12387.0,5
12389.0,4
12390.0,3
12392.0,5
12394.0,3
12396.0,4
12398.0,3
12400.0,5
12401.0,5
12403.0,3
12404.0,5
12405.0,4
12410.0,4
12411.0,5
12416.0,5
12419.0,4
12420.0,3
12426.0,4
12430.0,3
12436.0,3
12439.0,4
12440.0,4
12441.0,5
12442.0,3
12443.0,5
12445.0,3
12446.0,3
12447.0,5
12448.0,3
12452.0,3
12453.0,3
12459.0,5
12460.0,5
12461.0,3
12466.0,5
12467.0,5
12469.0,4
12470.0,5
12475.0,3
12478.0,3
12479.0,3
12485.0,5
12486.0,4
12487.0,5
12489.0,5
12491.0,3
12493.0,4
12495.0,5
12496.0,5
12499.0,5
12501.0,4
12503.0,4
12505.0,4
12506.0,5
12508.0,3
12509.0,5
12511.0,4
12512.0,3
12513.0,3
12514.0,4
12515.0,5
12519.0,3
12521.0,3
12522.0,3
12525.0,4
12529.0,5
12532.0,3
12533.0,4
12534.0,3
12535.0,3
12537.0,5
12538.0,3
12542.0,4
12543.0,4
12544.0,3
12545.0,3
12547.0,4
12548.0,5
12549.0,4
12550.0,3
12551.0,5
12552.0,3
12554.0,5
12555.0,5
12556.0,3
12558.0,3
12559.0,4
12561.0,5
12563.0,5
12564.0,5
12565.0,5
12566.0,3
12568.0,5
12570.0,5
12571.0,3
12573.0,4
12574.0,5
12575.0,4
12579.0,3
12580.0,4
12581.0,3
12585.0,4
12587.0,3
12591.0,4
12593.0,4
12595.0,5
12596.0,3
12602.0,3
12603.0,3
12604.0,3
12605.0,4
12606.0,5
12607.0,3
12608.0,5
12611.0,3
12612.0,3
12614.0,5
12617.0,3
12618.0,3
12622.0,5
12624.0,3
12629.0,4
12632.0,4
12634.0,4
12636.0,5
12639.0,4
12641.0,3
12650.0,3
12651.0,4
12652.0,4
12655.0,5
12658.0,3
12659.0,3
12660.0,3
12661.0,5
12663.0,5
12665.0,4
12666.0,4
12667.0,3
12671.0,4
12672.0,4
12675.0,4
12677.0,4
12686.0,5
12687.0,4
12688.0,4
12690.0,5
12692.0,5
12696.0,4
12698.0,5
12699.0,5
12702.0,3
12707.0,5
12711.0,4
12715.0,3
12717.0,4
12718.0,3
12729.0,3
12730.0,4
12732.0,5
12734.0,4
12735.0,4
12736.0,5
12737.0,4
12738.0,5
12740.0,3
12741.0,4
12742.0,4
12743.0,4
12745.0,4
12746.0,5
12750.0,3
12751.0,5
12752.0,4
12756.0,3
12760.0,5
12761.0,4
12763.0,4
12764.0,4
12765.0,4
12767.0,4
12768.0,5
12769.0,4
12770.0,4
12771.0,5
12772.0,3
12773.0,5
12774.0,5
12776.0,5
12777.0,5
12780.0,5
12781.0,3
12785.0,4
12786.0,5
12788.0,4
12789.0,3
12790.0,4
12791.0,4
12792.0,4
12793.0,4
12794.0,3
12795.0,3
12796.0,5
12797.0,4
12799.0,5
12800.0,4
12801.0,4
12803.0,4
12804.0,4
12805.0,4
12807.0,5
12810.0,4
12812.0,3
12813.0,4
12814.0,3
12815.0,4
12816.0,3
12817.0,4
12818.0,4
12819.0,5
12821.0,5
12822.0,3
12824.0,3
12825.0,4
12829.0,4
12831.0,4
12832.0,3
12833.0,3
12834.0,5
12837.0,4
12845.0,4
12846.0,5
12848.0,5
12850.0,5
12851.0,3
12852.0,5
12855.0,4
12858.0,5
12859.0,5
12860.0,5
12861.0,5
12862.0,4
12864.0,3
12866.0,4
12869.0,5
12870.0,4
12871.0,4
12873.0,4
12874.0,4
12878.0,4
12880.0,4
12881.0,5
12884.0,3
12886.0,3
12887.0,5
12888.0,4
12889.0,4
12892.0,5
12893.0,3
12894.0,5
12895.0,3
12897.0,4
12898.0,4
12899.0,5
12900.0,5
12902.0,5
12903.0,4
12904.0,3
12905.0,4
12907.0,4
12911.0,4
12914.0,5
12918.0,4
12922.0,3
12926.0,4
12927.0,5
12929.0,5
12930.0,3
12934.0,5
12938.0,3
12940.0,3
12941.0,5
12942.0,4
12943.0,4
12944.0,3
12945.0,4
12946.0,5
12954.0,5
12956.0,4
12958.0,4
12959.0,5
12960.0,4
12961.0,5
12962.0,3
12964.0,5
12965.0,3
12966.0,3
12967.0,4
12968.0,3
12969.0,5
12972.0,4
12973.0,5
12974.0,4
12977.0,4
12979.0,5
12981.0,3
12983.0,5
12984.0,3
12988.0,5
12992.0,5
12995.0,3
12996.0,5
12998.0,4
12999.0,4
13002.0,4
13003.0,3
13006.0,3
13007.0,5
13008.0,4
13009.0,5
13010.0,4
13011.0,5
13017.0,3
13020.0,4
13022.0,5
13024.0,4
13025.0,5
13028.0,3
13033.0,5
13036.0,5
13039.0,4
13041.0,4
13042.0,4
13043.0,5
13045.0,4
13051.0,5
13053.0,5
13056.0,5
13057.0,4
13058.0,3
13060.0,5
13061.0,3
13062.0,5
13063.0,5
13065.0,4
13066.0,3
13067.0,3
13068.0,3
13070.0,4
13071.0,5
13072.0,5
13073.0,4
13074.0,4
13075.0,3
13076.0,5
13080.0,4
13084.0,5
13086.0,5
13087.0,5
13088.0,5
13095.0,3
13096.0,5
13099.0,3
13101.0,4
13105.0,5
13106.0,4
13108.0,4
13111.0,5
13112.0,5
13114.0,5
13116.0,3
13119.0,5
13120.0,5
13121.0,5
13122.0,3
13123.0,4
13125.0,5
13127.0,3
13128.0,5
13129.0,5
13130.0,3
13132.0,5
13133.0,4
13135.0,4
13142.0,3
13143.0,5
13144.0,5
13146.0,3
13150.0,4
13151.0,4
13153.0,3
13154.0,4
13156.0,4
13160.0,3
13161.0,4
13163.0,5
13164.0,4
13166.0,4
13170.0,3
13172.0,5
13175.0,4
13176.0,3
13177.0,3
13179.0,5
13180.0,5
13181.0,5
13182.0,3
13185.0,5
13187.0,4
13188.0,3
13189.0,3
13190.0,4
13191.0,5
13193.0,3
13194.0,4
13195.0,5
13197.0,5
13201.0,4
13204.0,4
13205.0,4
13210.0,3
13215.0,5
13216.0,5
13217.0,4
13218.0,5
13219.0,5
13221.0,4
13222.0,5
13226.0,4
13227.0,5
13228.0,3
13229.0,5
13234.0,4
13235.0,4
13237.0,5
13241.0,5
13244.0,3
13245.0,3
13248.0,3
13250.0,5
13251.0,5
13252.0,4
13254.0,5
13257.0,5
13260.0,3
13261.0,4
13262.0,4
13264.0,5
13270.0,5
13271.0,3
13272.0,3
13273.0,3
13274.0,5
13275.0,5
13279.0,3
13281.0,5
13283.0,3
13284.0,5
13286.0,5
13287.0,4
13288.0,4
13289.0,5
13290.0,5
13294.0,4
13295.0,4
13298.0,3
13299.0,4
13300.0,4
13302.0,3
13303.0,5
13304.0,4
13306.0,5
13307.0,3
13312.0,5
13315.0,5
13321.0,3
13322.0,3
13325.0,3
13326.0,5
13328.0,4
13331.0,5
13332.0,3
13333.0,4
13336.0,3
13337.0,4
13339.0,4
13341.0,4
13343.0,5
13345.0,5
13346.0,4
13347.0,3
13348.0,3
13349.0,3
13351.0,3
13352.0,3
13354.0,3
13355.0,3
13356.0,3
13358.0,5
13359.0,3
13360.0,4
13361.0,4
13364.0,3
13366.0,3
13367.0,5
13368.0,4
13369.0,5
13370.0,4
13371.0,4
13372.0,3
13374.0,4
13377.0,4
13380.0,5
13383.0,5
13385.0,5
13386.0,4
13387.0,5
13388.0,4
13390.0,3
13391.0,5
13392.0,5
13393.0,4
13395.0,4
13398.0,4
13399.0,4
13400.0,5
13403.0,3
13406.0,4
13407.0,4
13411.0,3
13412.0,5
13413.0,4
13415.0,4
13419.0,3
13420.0,3
13422.0,3
13423.0,5
13424.0,5
13432.0,4
13433.0,4
13436.0,3
13438.0,5
13439.0,4
13441.0,3
13442.0,4
13443.0,4
13444.0,4
13445.0,5
13449.0,3
13452.0,4
13453.0,4
13454.0,5
13457.0,5
13459.0,4
13460.0,3
13465.0,4
13469.0,5
13470.0,3
13472.0,4
13474.0,4
13479.0,4
13480.0,4
13482.0,4
13483.0,3
13484.0,4
13489.0,4
13490.0,5
13493.0,4
13494.0,5
13498.0,5
13504.0,3
13508.0,4
13511.0,5
13512.0,4
13513.0,4
13518.0,3
13519.0,3
13522.0,3
13526.0,4
13529.0,3
13530.0,5
13532.0,3
13533.0,4
13535.0,5
13537.0,4
13540.0,4
13541.0,4
13543.0,4
13545.0,4
13547.0,5
13548.0,4
13550.0,5
13551.0,5
13553.0,5
13556.0,5
13559.0,4
13560.0,3
13563.0,3
13567.0,4
13568.0,5
13570.0,5
13572.0,4
13574.0,5
13578.0,5
13580.0,5
13581.0,4
13582.0,5
13583.0,4
13584.0,4
13585.0,4
13586.0,5
13592.0,3
13594.0,3
13595.0,4
13597.0,4
13600.0,4
13603.0,3
13604.0,5
13605.0,4
13606.0,3
13608.0,5
13609.0,5
13612.0,5
13613.0,4
13616.0,5
13618.0,5
13619.0,5
13620.0,5
13621.0,3
13622.0,5
13624.0,5
13625.0,5
13626.0,4
13628.0,5
13638.0,3
13639.0,3
13640.0,5
13641.0,4
13642.0,4
13645.0,3
13646.0,4
13651.0,3
13653.0,5
13657.0,3
13660.0,5
13661.0,5
13665.0,4
13666.0,3
13667.0,3
13669.0,3
13670.0,3
13671.0,5
13672.0,4
13673.0,3
13674.0,5
13675.0,4
13676.0,5
13677.0,4
13678.0,5
13679.0,4
13682.0,5
13683.0,5
13684.0,4
13686.0,4
13687.0,4
13688.0,5
13689.0,3
13690.0,3
13691.0,5
13696.0,4
13697.0,3
13698.0,4
13699.0,4
13701.0,5
13702.0,5
13703.0,4
13706.0,4
13708.0,5
13712.0,4
13713.0,4
13714.0,5
13716.0,5
13718.0,4
13721.0,3
13724.0,5
13729.0,4
13730.0,4
13731.0,4
13732.0,3
13733.0,4
13737.0,5
13738.0,5
13739.0,3
13741.0,3
13744.0,4
13745.0,4
13746.0,5
13747.0,5
13751.0,5
13754.0,4
13757.0,5
13759.0,3
13765.0,5
13766.0,5
13768.0,4
13770.0,4
13773.0,4
13774.0,3
13775.0,4
13776.0,4
13779.0,5
13781.0,4
13783.0,4
13785.0,4
13788.0,5
13789.0,5
13790.0,3
13791.0,4
13792.0,3
13793.0,5
13794.0,5
13795.0,4
13796.0,5
13797.0,4
13800.0,4
13801.0,3
13803.0,4
13805.0,3
13806.0,3
13807.0,4
13809.0,4
13811.0,4
13816.0,3
13817.0,3
13818.0,5
13820.0,4
13825.0,5
13826.0,5
13827.0,3
13828.0,3
13829.0,5
13830.0,5
13833.0,4
13834.0,4
13836.0,4
13837.0,4
13839.0,5
13840.0,5
13841.0,5
13843.0,5
13844.0,3
13845.0,3
13847.0,5
13850.0,4
13852.0,5
13853.0,3
13855.0,4
13857.0,4
13858.0,3
13859.0,4
13861.0,5
13863.0,4
13864.0,5
13866.0,3
13872.0,4
13876.0,3
13877.0,3
13879.0,5
13885.0,4
13886.0,3
13887.0,5
13891.0,4
13893.0,4
13896.0,5
13898.0,4
13899.0,3
13903.0,5
13904.0,3
13905.0,5
13906.0,5
13907.0,5
13909.0,4
13912.0,5
13913.0,5
13915.0,5
13916.0,4
13917.0,3
13920.0,4
13921.0,4
13922.0,4
13923.0,3
13926.0,3
13927.0,3
13930.0,3
13932.0,5
13933.0,3
13934.0,4
13935.0,4
13936.0,4
13937.0,4
13938.0,3
13942.0,5
13943.0,5
13944.0,5
13945.0,4
13947.0,3
13948.0,4
13951.0,4
13955.0,4
13957.0,4
13960.0,3
13961.0,5
13964.0,4
13965.0,4
13966.0,5
13967.0,3
13968.0,5
13970.0,4
13972.0,3
13973.0,5
13974.0,3
13977.0,5
13978.0,3
13981.0,5
13986.0,3
13987.0,4
13990.0,5
13992.0,3
13996.0,4
13997.0,4
13998.0,4
14002.0,4
14003.0,5
14007.0,5
14008.0,5
14009.0,4
14010.0,4
14011.0,4
14012.0,5
14015.0,3
14017.0,5
14018.0,5
14022.0,4
14024.0,4
14026.0,4
14027.0,3
14029.0,3
14033.0,5
14036.0,5
14039.0,3
14041.0,5
14042.0,5
14043.0,4
14046.0,5
14048.0,4
14050.0,3
14052.0,3
14053.0,4
14054.0,3
14058.0,4
14059.0,5
14061.0,4
14065.0,4
14066.0,5
14067.0,3
14068.0,4
14069.0,5
14070.0,5
14072.0,5
14073.0,3
14074.0,5
14076.0,5
14079.0,4
14082.0,4
14084.0,5
14086.0,5
14089.0,3
14090.0,5
14091.0,4
14093.0,3
14094.0,5
14095.0,5
14097.0,4
14098.0,3
14100.0,3
14106.0,5
14109.0,3
14115.0,4
14117.0,5
14118.0,5
14119.0,5
14122.0,4
14123.0,5
14124.0,3
14131.0,5
14136.0,4
14137.0,5
14142.0,4
14143.0,5
14144.0,5
14148.0,4
14149.0,5
14150.0,3
14151.0,4
14153.0,5
14155.0,5
14158.0,3
14162.0,4
14165.0,5
14166.0,5
14168.0,4
14169.0,4
14170.0,4
14171.0,3
14172.0,4
14174.0,3
14176.0,4
14179.0,3
14181.0,4
14182.0,4
14183.0,4
14184.0,3
14185.0,5
14186.0,4
14187.0,5
14190.0,5
14192.0,5
14196.0,3
14197.0,5
14199.0,4
14200.0,5
14202.0,4
14203.0,5
14206.0,4
14207.0,5
14208.0,3
14213.0,4
14218.0,3
14222.0,3
14225.0,4
14228.0,4
14230.0,4
14237.0,4
14238.0,4
14241.0,4
14242.0,4
14244.0,5
14245.0,4
14247.0,4
14248.0,4
14252.0,5
14253.0,4
14254.0,5
14255.0,4
14259.0,5
14260.0,4
14263.0,5
14266.0,5
14268.0,5
14269.0,5
14270.0,5
14271.0,5
14274.0,5
14275.0,4
14278.0,5
14279.0,5
14280.0,5
14281.0,5
14283.0,4
14287.0,3
14288.0,5
14294.0,5
14296.0,4
14300.0,3
14302.0,4
14303.0,4
14304.0,4
14308.0,4
14310.0,5
14311.0,4
14314.0,3
14316.0,4
14317.0,3
14318.0,5
14319.0,5
14322.0,4
14323.0,3
14324.0,4
14325.0,5
14326.0,4
14328.0,5
14330.0,5
14331.0,3
14333.0,3
14335.0,3
14338.0,4
14339.0,4
14340.0,5
14343.0,4
14345.0,3
14347.0,5
14348.0,5
14349.0,3
14350.0,4
14351.0,5
14353.0,4
14354.0,3
14355.0,4
14356.0,3
14357.0,3
14358.0,4
14361.0,5
14362.0,3
14363.0,5
14365.0,4
14366.0,5
14368.0,5
14369.0,4
14370.0,4
14371.0,5
14372.0,4
14373.0,5
14374.0,5
14375.0,4
14376.0,5
14377.0,4
14378.0,5
14380.0,5
14381.0,3
14384.0,5
14385.0,3
14386.0,5
14391.0,5
14392.0,5
14393.0,5
14394.0,5
14398.0,4
14402.0,5
14405.0,5
14406.0,3
14411.0,4
14413.0,4
14416.0,3
14417.0,5
14423.0,4
14424.0,3
14425.0,4
14429.0,5
14430.0,4
14433.0,5
14435.0,5
14436.0,3
14437.0,4
14438.0,5
14444.0,5
14445.0,5
14448.0,3
14453.0,5
14454.0,4
14455.0,4
14457.0,5
14458.0,5
14464.0,5
14468.0,5
14469.0,4
14471.0,4
14473.0,3
14476.0,5
14478.0,4
14479.0,4
14483.0,4
14485.0,3
14486.0,5
14488.0,3
14490.0,4
14491.0,4
14495.0,3
14497.0,4
14500.0,3
14501.0,4
14509.0,5
14510.0,4
14516.0,5
14517.0,3
14518.0,3
14519.0,5
14521.0,5
14523.0,3
14526.0,5
14528.0,3
14529.0,3
14531.0,5
14536.0,5
14537.0,3
14539.0,3
14542.0,5
14545.0,5
14549.0,4
14552.0,4
14556.0,4
14557.0,3
14558.0,4
14559.0,5
14563.0,4
14564.0,4
14568.0,4
14570.0,4
14571.0,5
14574.0,5
14575.0,5
14576.0,5
14578.0,3
14579.0,5
14580.0,5
14581.0,3
14582.0,3
14586.0,5
14588.0,5
14589.0,5
14596.0,5
14598.0,3
14599.0,4
14600.0,4
14601.0,3
14602.0,5
14603.0,5
14604.0,5
14605.0,4
14610.0,5
14611.0,4
14612.0,4
14613.0,5
14614.0,5
14615.0,4
14616.0,4
14617.0,5
14619.0,4
14620.0,4
14622.0,5
14627.0,5
14630.0,5
14632.0,5
14633.0,5
14634.0,4
14635.0,5
14636.0,3
14637.0,5
14638.0,3
14641.0,3
14642.0,3
14645.0,4
14647.0,4
14650.0,5
14652.0,3
14654.0,5
14658.0,3
14660.0,3
14661.0,3
14663.0,4
14666.0,3
14668.0,5
14670.0,4
14671.0,4
14672.0,4
14674.0,5
14677.0,5
14678.0,5
14679.0,4
14683.0,5
14686.0,4
14689.0,5
14694.0,5
14695.0,4
14697.0,5
14699.0,4
14703.0,3
14705.0,5
14706.0,5
14707.0,5
14717.0,5
14718.0,5
14721.0,5
14722.0,4
14724.0,5
14726.0,5
14727.0,4
14728.0,5
14729.0,4
14731.0,3
14734.0,4
14736.0,4
14742.0,5
14743.0,5
14746.0,4
14747.0,5
14749.0,5
14750.0,5
14751.0,5
14752.0,3
14753.0,3
14757.0,3
14760.0,5
14761.0,3
14762.0,4
14764.0,3
14765.0,3
14767.0,5
14768.0,3
14771.0,4
14772.0,3
14773.0,5
14774.0,5
14777.0,5
14778.0,4
14779.0,4
14780.0,3
14782.0,5
14783.0,5
14785.0,3
14786.0,5
14787.0,5
14789.0,3
14791.0,5
14792.0,5
14793.0,3
14795.0,5
14797.0,5
14799.0,3
14801.0,3
14802.0,4
14803.0,4
14804.0,3
14806.0,3
14807.0,4
14809.0,4
14811.0,5
14812.0,5
14813.0,4
14814.0,5
14815.0,3
14816.0,5
14822.0,5
14823.0,4
14826.0,4
14830.0,3
14831.0,4
14832.0,5
14833.0,5
14835.0,4
14836.0,3
14838.0,4
14839.0,4
14840.0,4
14843.0,5
14845.0,5
14846.0,5
14847.0,4
14848.0,5
14858.0,5
14860.0,3
14863.0,3
14865.0,3
14872.0,4
14873.0,4
14874.0,5
14876.0,5
14877.0,4
14879.0,5
14880.0,3
14881.0,3
14884.0,5
14886.0,5
14887.0,3
14888.0,5
14889.0,5
14890.0,4
14892.0,5
14899.0,4
14900.0,5
14906.0,5
14908.0,3
14909.0,4
14917.0,4
14919.0,5
14920.0,4
14922.0,4
14923.0,3
14924.0,4
14926.0,4
14927.0,5
14928.0,5
14932.0,4
14933.0,4
14935.0,4
14938.0,4
14940.0,4
14941.0,5
14942.0,4
14943.0,5
14945.0,5
14946.0,3
14949.0,4
14950.0,3
14951.0,3
14954.0,3
14955.0,5
14956.0,4
14957.0,4
14960.0,3
14962.0,4
14964.0,5
14965.0,3
14968.0,3
14969.0,4
14972.0,3
14974.0,3
14975.0,3
14977.0,5
14979.0,5
14980.0,5
14981.0,4
14982.0,5
14983.0,5
14985.0,4
14986.0,4
14989.0,5
14990.0,5
14991.0,5
14992.0,5
14993.0,5
14994.0,4
14995.0,3
14996.0,4
14998.0,4
14999.0,5
15000.0,3
15001.0,5
15003.0,4
15004.0,4
15006.0,3
15007.0,5
15008.0,4
15010.0,3
15011.0,4
15014.0,3
15016.0,4
15017.0,3
15019.0,5
15020.0,5
15029.0,5
15035.0,3
15036.0,3
15037.0,4
15040.0,5
15041.0,4
15042.0,4
15045.0,4
15047.0,5
15048.0,3
15049.0,5
15052.0,5
15054.0,3
15055.0,4
15056.0,5
15063.0,5
15064.0,4
15066.0,3
15069.0,4
15070.0,4
15072.0,5
15075.0,3
15076.0,4
15077.0,4
15080.0,4
15082.0,5
15083.0,5
15084.0,4
15085.0,5
15086.0,5
15087.0,5
15090.0,5
15092.0,4
15094.0,5
15096.0,3
15099.0,3
15102.0,4
15103.0,3
15104.0,4
15109.0,4
15112.0,5
15115.0,3
15118.0,3
15119.0,5
15120.0,3
15121.0,3
15126.0,4
15127.0,3
15130.0,5
15131.0,5
15135.0,4
15137.0,4
15138.0,5
15139.0,5
15143.0,4
15146.0,4
15147.0,5
15148.0,3
15151.0,4
15153.0,3
15155.0,5
15158.0,3
15160.0,4
15161.0,5
15162.0,5
15163.0,3
15165.0,5
15166.0,5
15168.0,3
15169.0,4
15170.0,5
15171.0,4
15174.0,4
15175.0,3
15176.0,4
15177.0,4
15178.0,5
15180.0,4
15183.0,4
15185.0,3
15188.0,5
15190.0,4
15191.0,4
15193.0,3
15196.0,4
15200.0,5
15204.0,5
15205.0,3
15207.0,4
15209.0,5
15210.0,4
15211.0,3
15212.0,5
15213.0,4
15216.0,3
15217.0,5
15219.0,4
15221.0,4
15224.0,4
15225.0,5
15226.0,5
15229.0,5
15230.0,4
15231.0,5
15232.0,3
15233.0,5
15234.0,5
15236.0,5
15242.0,5
15243.0,3
15246.0,4
15247.0,4
15248.0,4
15250.0,5
15254.0,4
15256.0,3
15257.0,4
15258.0,4
15259.0,4
15262.0,4
15263.0,3
15264.0,3
15266.0,4
15268.0,4
15273.0,5
15275.0,3
15277.0,3
15278.0,4
15280.0,4
15282.0,5
15283.0,5
15284.0,5
15285.0,5
15286.0,3
15292.0,5
15293.0,5
15294.0,5
15295.0,5
15300.0,3
15302.0,5
15303.0,4
15305.0,5
15307.0,3
15308.0,5
15309.0,4
15310.0,4
15313.0,5
15314.0,4
15315.0,3
15316.0,5
15317.0,5
15318.0,3
15319.0,5
15320.0,3
15322.0,4
15323.0,4
15324.0,5
15327.0,3
15328.0,5
15330.0,3
15331.0,4
15333.0,4
15334.0,4
15335.0,3
15336.0,5
15337.0,5
15338.0,5
15340.0,5
15342.0,3
15343.0,3
15345.0,3
15346.0,4
15347.0,4
15348.0,3
15349.0,4
15350.0,4
15352.0,5
15354.0,4
15355.0,3
15359.0,4
15360.0,3
15361.0,4
15362.0,4
15363.0,4
15364.0,4
15371.0,5
15374.0,3
15375.0,5
15377.0,4
15378.0,5
15386.0,5
15387.0,5
15388.0,5
15390.0,4
15391.0,5
15395.0,5
15396.0,4
15397.0,5
15401.0,5
15403.0,5
15404.0,5
15405.0,4
15408.0,5
15409.0,5
15412.0,5
15415.0,5
15417.0,3
15418.0,4
15419.0,3
15420.0,4
15423.0,3
15424.0,4
15425.0,4
15429.0,3
15430.0,4
15431.0,5
15432.0,3
15433.0,4
15435.0,3
15437.0,4
15438.0,3
15439.0,4
15440.0,3
15441.0,4
15442.0,5
15445.0,4
15446.0,4
15447.0,4
15448.0,4
15450.0,3
15451.0,5
15454.0,4
15455.0,5
15457.0,5
15458.0,3
15459.0,5
15460.0,5
15461.0,4
15463.0,3
15464.0,4
15470.0,5
15472.0,3
15474.0,5
15475.0,3
15477.0,5
15479.0,5
15481.0,4
15486.0,5
15487.0,5
15490.0,5
15492.0,3
15495.0,5
15496.0,5
15499.0,5
15501.0,4
15503.0,5
15504.0,3
15507.0,3
15509.0,5
15510.0,5
15512.0,4
15515.0,5
15516.0,3
15517.0,5
15519.0,4
15520.0,3
15522.0,3
15524.0,3
15526.0,3
15528.0,5
15534.0,5
15536.0,5
15537.0,5
15539.0,3
15541.0,5
15542.0,4
15543.0,5
15545.0,3
15546.0,4
15548.0,5
15552.0,4
15553.0,3
15554.0,5
15556.0,3
15557.0,3
15558.0,5
15559.0,4
15560.0,5
15562.0,4
15564.0,5
15565.0,3
15566.0,5
15567.0,3
15575.0,5
15576.0,3
15577.0,4
15578.0,5
15583.0,5
15585.0,3
15586.0,4
15588.0,5
15589.0,4
15590.0,4
15591.0,4
15592.0,3
15593.0,3
15595.0,5
15597.0,3
15598.0,3
15600.0,4
15603.0,3
15604.0,3
15609.0,5
15610.0,3
15612.0,3
15613.0,5
15616.0,5
15617.0,4
15619.0,3
15624.0,4
15627.0,4
15629.0,4
15631.0,5
15634.0,3
15635.0,5
15639.0,4
15642.0,5
15643.0,4
15644.0,4
15647.0,5
15648.0,4
15649.0,4
15650.0,4
15653.0,3
15655.0,5
15657.0,3
15662.0,5
15663.0,3
15666.0,4
15667.0,3
15668.0,5
15670.0,4
15672.0,5
15682.0,4
15683.0,3
15684.0,4
15685.0,5
15686.0,5
15688.0,5
15689.0,4
15690.0,3
15691.0,4
15692.0,3
15693.0,5
15695.0,4
15697.0,5
15698.0,5
15699.0,3
15700.0,4
15702.0,5
15703.0,5
15705.0,5
15709.0,4
15710.0,4
15711.0,4
15715.0,4
15717.0,4
15718.0,5
15721.0,3
15723.0,4
15724.0,4
15725.0,3
15726.0,5
15728.0,4
15729.0,4
15731.0,5
15733.0,5
15735.0,5
15736.0,4
15739.0,3
15740.0,3
15741.0,5
15742.0,5
15744.0,3
15746.0,3
15753.0,5
15758.0,3
15760.0,4
15761.0,5
15762.0,3
15765.0,5
15770.0,5
15771.0,4
15772.0,5
15775.0,5
15776.0,3
15778.0,5
15779.0,5
15780.0,4
15781.0,3
15783.0,3
15784.0,4
15788.0,5
15790.0,3
15792.0,4
15794.0,4
15798.0,4
15802.0,3
15813.0,4
15816.0,5
15817.0,4
15818.0,5
15820.0,5
15821.0,3
15824.0,4
15825.0,3
15828.0,4
15829.0,3
15830.0,3
15832.0,4
15833.0,5
15836.0,3
15837.0,3
15840.0,3
15842.0,4
15843.0,5
15844.0,3
15846.0,5
15848.0,5
15851.0,5
15852.0,4
15853.0,3
15857.0,3
15859.0,5
15866.0,3
15868.0,5
15869.0,4
15871.0,5
15873.0,4
15875.0,5
15876.0,4
15878.0,4
15879.0,4
15880.0,5
15881.0,4
15884.0,5
15887.0,4
15888.0,3
15890.0,4
15891.0,5
15892.0,5
15893.0,5
15894.0,4
15895.0,5
15897.0,5
15899.0,5
15902.0,5
15904.0,3
15905.0,5
15908.0,4
15909.0,5
15913.0,5
15914.0,5
15915.0,5
15917.0,4
15918.0,4
15919.0,3
15921.0,4
15922.0,5
15923.0,5
15924.0,5
15925.0,5
15926.0,5
15927.0,5
15928.0,5
15929.0,5
15930.0,3
15931.0,5
15934.0,4
15935.0,4
15936.0,4
15937.0,3
15940.0,5
15941.0,5
15942.0,3
15943.0,5
15945.0,4
15946.0,4
15947.0,3
15949.0,3
15954.0,5
15956.0,4
15958.0,3
15959.0,4
15960.0,4
15961.0,5
15962.0,5
15963.0,3
15964.0,5
15966.0,5
15968.0,5
15970.0,4
15972.0,4
15973.0,4
15975.0,3
15979.0,5
15982.0,5
15986.0,3
15989.0,4
15991.0,5
15995.0,5
15999.0,5
16001.0,5
16002.0,5
16006.0,4
16021.0,4
16022.0,5
16025.0,3
16026.0,3
16028.0,5
16030.0,5
16031.0,3
16035.0,5
16039.0,4
16044.0,5
16046.0,5
16047.0,5
16048.0,4
16050.0,4
16051.0,5
16052.0,3
16055.0,5
16056.0,3
16058.0,5
16060.0,4
16061.0,5
16063.0,5
16064.0,5
16067.0,4
16068.0,5
16069.0,5
16073.0,5
16074.0,5
16075.0,4
16077.0,4
16078.0,4
16082.0,5
16084.0,5
16088.0,4
16089.0,5
16090.0,5
16091.0,3
16093.0,5
16095.0,5
16097.0,5
16100.0,5
16106.0,3
16109.0,4
16111.0,5
16112.0,4
16113.0,5
16114.0,5
16116.0,5
16117.0,4
16118.0,4
16123.0,3
16127.0,3
16129.0,4
16130.0,4
16132.0,4
16135.0,4
16137.0,5
16138.0,4
16141.0,3
16142.0,5
16144.0,5
16148.0,4
16152.0,4
16155.0,4
16158.0,4
16159.0,4
16160.0,3
16162.0,5
16165.0,5
16166.0,4
16167.0,4
16171.0,3
16176.0,4
16178.0,4
16179.0,3
16181.0,3
16189.0,3
16192.0,5
16193.0,4
16194.0,5
16195.0,5
16196.0,5
16198.0,3
16199.0,4
16207.0,3
16213.0,3
16215.0,3
16216.0,4
16217.0,4
16219.0,5
16222.0,4
16223.0,4
16226.0,4
16227.0,4
16228.0,4
16230.0,4
16231.0,4
16234.0,4
16236.0,3
16237.0,5
16238.0,5
16243.0,3
16244.0,4
16246.0,4
16247.0,5
16248.0,3
16250.0,4
16251.0,5
16252.0,5
16254.0,4
16256.0,4
16257.0,5
16259.0,4
16260.0,3
16262.0,4
16263.0,5
16264.0,4
16267.0,5
16268.0,3
16269.0,5
16270.0,4
16272.0,3
16273.0,4
16274.0,5
16277.0,5
16280.0,5
16282.0,4
16285.0,5
16286.0,4
16288.0,5
16289.0,5
16290.0,4
16291.0,5
16294.0,5
16296.0,4
16297.0,5
16299.0,5
16300.0,4
16301.0,5
16302.0,3
16304.0,5
16305.0,3
16307.0,4
16309.0,3
16310.0,4
16312.0,5
16314.0,4
16315.0,4
16318.0,3
16319.0,5
16323.0,4
16324.0,4
16328.0,5
16329.0,4
16334.0,5
16337.0,3
16338.0,5
16339.0,5
16342.0,3
16344.0,4
16346.0,5
16349.0,5
16352.0,3
16355.0,5
16356.0,4
16363.0,3
16371.0,5
16373.0,4
16375.0,5
16377.0,4
16378.0,4
16380.0,3
16381.0,5
16382.0,4
16387.0,4
16388.0,5
16390.0,4
16391.0,4
16392.0,4
16396.0,5
16397.0,5
16398.0,4
16402.0,4
16403.0,5
16404.0,3
16405.0,5
16408.0,5
16410.0,5
16413.0,3
16417.0,5
16420.0,5
16421.0,4
16423.0,3
16424.0,4
16425.0,5
16427.0,5
16428.0,4
16429.0,3
16431.0,4
16432.0,3
16433.0,3
16435.0,4
16436.0,4
16437.0,4
16439.0,5
16443.0,5
16447.0,4
16448.0,4
16449.0,4
16452.0,4
16453.0,5
16454.0,3
16457.0,5
16459.0,5
16461.0,4
16462.0,3
16465.0,4
16471.0,4
16472.0,4
16473.0,4
16476.0,5
16478.0,3
16479.0,3
16480.0,3
16481.0,5
16482.0,3
16483.0,5
16484.0,4
16486.0,5
16487.0,5
16489.0,4
16490.0,5
16492.0,5
16494.0,4
16498.0,5
16501.0,4
16502.0,5
16504.0,3
16505.0,3
16506.0,3
16507.0,5
16508.0,5
16509.0,5
16516.0,3
16517.0,5
16521.0,4
16522.0,4
16524.0,4
16526.0,4
16527.0,3
16528.0,3
16530.0,5
16534.0,5
16536.0,3
16537.0,5
16538.0,4
16540.0,5
16541.0,5
16542.0,3
16543.0,5
16544.0,4
16545.0,4
16547.0,5
16548.0,5
16552.0,4
16557.0,3
16559.0,5
16562.0,5
16564.0,5
16565.0,4
16567.0,4
16568.0,4
16572.0,4
16573.0,3
16576.0,4
16577.0,5
16578.0,5
16579.0,5
16581.0,5
16582.0,3
16583.0,4
16585.0,4
16586.0,4
16587.0,5
16588.0,4
16590.0,4
16591.0,3
16594.0,3
16597.0,3
16598.0,5
16599.0,5
16602.0,3
16603.0,3
16604.0,4
16605.0,5
16606.0,4
16608.0,4
16610.0,5
16613.0,3
16614.0,4
16615.0,5
16616.0,3
16617.0,5
16622.0,5
16623.0,4
16624.0,3
16627.0,3
16629.0,3
16630.0,5
16632.0,4
16635.0,5
16640.0,5
16641.0,3
16643.0,4
16644.0,4
16645.0,5
16646.0,5
16647.0,4
16649.0,5
16651.0,5
16658.0,4
16659.0,5
16661.0,4
16662.0,5
16663.0,5
16664.0,5
16665.0,5
16666.0,3
16667.0,3
16673.0,5
16674.0,3
16675.0,4
16677.0,4
16679.0,4
16683.0,5
16685.0,3
16687.0,5
16689.0,3
16690.0,3
16691.0,5
16694.0,5
16695.0,5
16696.0,4
16697.0,5
16698.0,4
16702.0,4
16704.0,4
16707.0,4
16708.0,3
16715.0,3
16716.0,4
16721.0,5
16724.0,5
16727.0,4
16731.0,5
16733.0,5
16737.0,3
16738.0,5
16739.0,4
16740.0,5
16741.0,5
16747.0,3
16749.0,4
16751.0,3
16752.0,5
16753.0,3
16757.0,4
16758.0,3
16760.0,5
16761.0,3
16763.0,4
16765.0,4
16766.0,4
16769.0,4
16772.0,4
16773.0,3
16776.0,3
16778.0,3
16780.0,4
16781.0,4
16783.0,5
16785.0,5
16786.0,5
16787.0,4
16789.0,3
16792.0,4
16793.0,3
16795.0,4
16796.0,3
16798.0,4
16799.0,4
16800.0,3
16802.0,4
16803.0,3
16808.0,3
16810.0,4
16815.0,4
16816.0,4
16819.0,5
16820.0,3
16821.0,5
16822.0,5
16826.0,3
16827.0,4
16828.0,3
16829.0,4
16831.0,5
16832.0,4
16834.0,4
16840.0,5
16844.0,4
16845.0,5
16847.0,3
16849.0,5
16850.0,5
16852.0,3
16854.0,4
16855.0,3
16857.0,5
16860.0,4
16862.0,4
16864.0,4
16865.0,5
16866.0,3
16867.0,5
16868.0,4
16870.0,5
16874.0,5
16876.0,5
16878.0,5
16881.0,3
16886.0,5
16888.0,4
16890.0,4
16893.0,5
16894.0,4
16896.0,5
16897.0,4
16901.0,5
16902.0,3
16908.0,5
16909.0,3
16911.0,5
16913.0,4
16914.0,3
16917.0,4
16920.0,5
16921.0,3
16922.0,5
16925.0,5
16926.0,4
16927.0,4
16932.0,3
16935.0,4
16936.0,3
16937.0,5
16939.0,4
16941.0,5
16944.0,5
16946.0,4
16953.0,3
16956.0,3
16957.0,4
16958.0,4
16959.0,3
16961.0,4
16962.0,5
16963.0,5
16964.0,5
16965.0,5
16967.0,5
16970.0,5
16971.0,3
16972.0,4
16973.0,5
16974.0,4
16975.0,4
16976.0,5
16977.0,4
16978.0,4
16980.0,4
16982.0,3
16990.0,4
16991.0,4
16993.0,4
16997.0,4
16998.0,4
16999.0,3
17000.0,4
17003.0,4
17005.0,4
17008.0,5
17009.0,5
17010.0,3
17012.0,5
17016.0,5
17020.0,4
17021.0,4
17022.0,3
17023.0,4
17024.0,3
17026.0,4
17028.0,4
17030.0,3
17035.0,4
17036.0,5
17037.0,3
17038.0,3
17039.0,4
17040.0,4
17051.0,4
17052.0,3
17053.0,3
17055.0,5
17056.0,5
17057.0,5
17060.0,5
17062.0,4
17065.0,5
17066.0,5
17067.0,4
17070.0,3
17072.0,5
17074.0,5
17077.0,5
17078.0,3
17079.0,3
17087.0,5
17089.0,5
17093.0,5
17094.0,4
17098.0,4
17099.0,5
17102.0,5
17103.0,5
17104.0,5
17105.0,4
17106.0,5
17108.0,5
17110.0,4
17111.0,3
17112.0,5
17116.0,5
17117.0,5
17118.0,5
17120.0,5
17121.0,5
17122.0,4
17123.0,4
17124.0,5
17125.0,3
17127.0,4
17128.0,5
17129.0,5
17132.0,4
17134.0,4
17136.0,5
17137.0,4
17140.0,5
17141.0,4
17142.0,4
17143.0,4
17148.0,3
17149.0,5
17151.0,5
17153.0,3
17154.0,3
17156.0,5
17161.0,4
17166.0,3
17167.0,4
17168.0,5
17170.0,5
17171.0,4
17174.0,5
17176.0,4
17177.0,5
17178.0,5
17181.0,3
17182.0,4
17184.0,5
17185.0,4
17186.0,3
17187.0,4
17192.0,5
17194.0,4
17195.0,5
17196.0,5
17197.0,3
17199.0,5
17200.0,4
17202.0,5
17206.0,3
17207.0,5
17208.0,5
17209.0,4
17210.0,5
17212.0,4
17215.0,5
17216.0,5
17217.0,5
17219.0,3
17223.0,4
17224.0,5
17225.0,5
17226.0,4
17229.0,3
17234.0,5
17239.0,4
17240.0,5
17245.0,4
17246.0,5
17247.0,3
17248.0,3
17249.0,5
17251.0,4
17252.0,3
17253.0,3
17257.0,5
17258.0,4
17260.0,5
17261.0,5
17263.0,5
17264.0,5
17265.0,4
17267.0,3
17269.0,5
17270.0,4
17271.0,5
17273.0,5
17274.0,3
17275.0,5
17276.0,5
17277.0,4
17278.0,4
17279.0,3
17280.0,5
17281.0,4
17283.0,5
17285.0,4
17291.0,5
17292.0,5
17294.0,4
17296.0,5
17297.0,3
17300.0,4
17301.0,3
17303.0,5
17304.0,5
17305.0,4
17308.0,4
17309.0,3
17310.0,4
17312.0,4
17313.0,3
17316.0,5
17318.0,5
17319.0,5
17322.0,4
17325.0,4
17326.0,4
17327.0,5
17328.0,5
17331.0,3
17332.0,4
17333.0,3
17334.0,4
17335.0,4
17336.0,5
17339.0,3
17342.0,4
17344.0,3
17347.0,3
17352.0,5
17355.0,5
17356.0,4
17357.0,3
17358.0,4
17359.0,3
17363.0,4
17366.0,4
17367.0,5
17369.0,4
17370.0,3
17374.0,4
17375.0,4
17376.0,3
17378.0,5
17379.0,3
17380.0,4
17385.0,3
17390.0,5
17391.0,4
17392.0,4
17393.0,4
17394.0,5
17395.0,5
17398.0,4
17401.0,5
17403.0,3
17407.0,5
17408.0,4
17413.0,4
17415.0,3
17417.0,5
17421.0,4
17427.0,3
17431.0,5
17433.0,3
17435.0,5
17437.0,5
17439.0,5
17440.0,4
17441.0,5
17443.0,5
17446.0,5
17447.0,3
17453.0,3
17455.0,5
17456.0,4
17459.0,3
17462.0,3
17464.0,4
17467.0,5
17468.0,3
17471.0,5
17472.0,4
17473.0,4
17474.0,4
17475.0,3
17476.0,4
17477.0,4
17478.0,4
17479.0,5
17480.0,3
17482.0,4
17484.0,5
17486.0,5
17487.0,5
17488.0,5
17489.0,3
17492.0,4
17493.0,5
17494.0,5
17496.0,4
17497.0,4
17498.0,3
17499.0,4
17501.0,4
17506.0,3
17507.0,4
17510.0,3
17514.0,4
17517.0,5
17518.0,4
17520.0,3
17524.0,4
17525.0,4
17529.0,4
17531.0,4
17532.0,5
17533.0,5
17535.0,5
17536.0,4
17538.0,3
17539.0,4
17541.0,5
17542.0,4
17543.0,5
17544.0,4
17547.0,4
17548.0,4
17549.0,3
17551.0,5
17556.0,4
17558.0,5
17559.0,5
17563.0,4
17565.0,5
17568.0,5
17569.0,5
17570.0,5
17573.0,3
17574.0,5
17575.0,5
17577.0,4
17580.0,4
17583.0,5
17586.0,5
17587.0,5
17592.0,5
17595.0,3
17598.0,5
17599.0,5
17600.0,3
17601.0,4
17605.0,5
17606.0,5
17607.0,5
17610.0,4
17614.0,3
17616.0,4
17617.0,5
17619.0,5
17620.0,3
17622.0,4
17626.0,5
17627.0,5
17628.0,3
17630.0,4
17635.0,4
17636.0,3
17637.0,3
17638.0,4
17639.0,4
17643.0,4
17647.0,3
17650.0,3
17654.0,5
17657.0,5
17658.0,3
17660.0,3
17662.0,4
17665.0,5
17670.0,5
17674.0,3
17678.0,4
17681.0,4
17683.0,4
17684.0,3
17687.0,5
17688.0,5
17689.0,4
17691.0,4
17693.0,3
17697.0,5
17698.0,5
17699.0,4
17701.0,5
17704.0,4
17708.0,4
17710.0,5
17711.0,3
17712.0,3
17713.0,4
17715.0,4
17717.0,5
17718.0,4
17721.0,5
17727.0,3
17729.0,5
17733.0,3
17737.0,3
17740.0,4
17741.0,5
17743.0,5
17745.0,4
17746.0,4
17747.0,5
17748.0,5
17749.0,4
17751.0,5
17752.0,5
17753.0,4
17756.0,4
17761.0,3
17762.0,5
17763.0,5
17765.0,4
17766.0,4
17767.0,3
17771.0,3
17773.0,4
17775.0,5
17776.0,4
17778.0,5
17780.0,4
17781.0,3
17782.0,4
17783.0,3
17784.0,5
17785.0,3
17786.0,3
17788.0,3
17789.0,4
17791.0,3
17792.0,4
17793.0,3
17794.0,5
17795.0,4
17798.0,5
17801.0,4
17803.0,5
17804.0,4
17805.0,3
17806.0,3
17807.0,4
17808.0,4
17810.0,4
17814.0,4
17815.0,5
17816.0,3
17818.0,5
17820.0,5
17821.0,5
17823.0,4
17824.0,3
17825.0,4
17826.0,5
17831.0,3
17832.0,3
17833.0,5
17834.0,4
17836.0,3
17839.0,3
17840.0,5
17842.0,5
17843.0,4
17844.0,5
17845.0,4
17846.0,3
17847.0,5
17853.0,4
17855.0,5
17859.0,5
17860.0,4
17862.0,4
17866.0,4
17868.0,5
17872.0,5
17875.0,5
17876.0,4
17877.0,5
17879.0,5
17880.0,4
17881.0,5
17882.0,4
17885.0,3
17887.0,5
17890.0,4
17891.0,5
17892.0,3
17893.0,5
17895.0,3
17896.0,3
17898.0,3
17899.0,5
17900.0,5
17901.0,3
17902.0,5
17903.0,5
17904.0,3
17906.0,5
17907.0,5
17908.0,4
17909.0,5
17910.0,5
17911.0,3
17912.0,4
17914.0,3
17915.0,5
17916.0,5
17917.0,3
17918.0,4
17922.0,5
17923.0,4
17925.0,5
17927.0,5
17928.0,3
17933.0,5
17936.0,3
17938.0,5
17939.0,5
17942.0,3
17944.0,5
17945.0,4
17946.0,5
17947.0,3
17948.0,3
17952.0,4
17953.0,5
17956.0,5
17957.0,3
17958.0,4
17959.0,5
17960.0,3
17962.0,4
17963.0,4
17964.0,3
17967.0,5
17968.0,4
17970.0,5
17971.0,5
17972.0,5
17973.0,3
17976.0,5
17978.0,4
17981.0,5
17982.0,5
17983.0,5
17985.0,3
17986.0,3
17989.0,5
17991.0,4
17992.0,5
17993.0,5
17995.0,4
17996.0,4
17998.0,4
18000.0,5
18002.0,4
18003.0,5
18004.0,5
18005.0,3
18007.0,5
18010.0,5
18011.0,4
18012.0,5
18013.0,3
18014.0,3
18015.0,3
18018.0,4
18019.0,3
18020.0,5
18021.0,5
18024.0,4
18026.0,4
18027.0,3
18028.0,5
18029.0,5
18030.0,3
18031.0,5
18032.0,5
18033.0,3
18038.0,5
18039.0,4
18040.0,3
18042.0,3
18045.0,3
18046.0,5
18047.0,4
18048.0,4
18049.0,4
18050.0,4
18052.0,4
18053.0,3
18054.0,5
18056.0,4
18057.0,4
18059.0,3
18060.0,4
18063.0,5
18067.0,3
18068.0,5
18070.0,5
18072.0,5
18074.0,4
18076.0,5
18078.0,4
18081.0,3
18082.0,3
18083.0,5
18085.0,4
18086.0,5
18088.0,3
18089.0,5
18090.0,5
18091.0,5
18098.0,5
18099.0,3
18100.0,5
18103.0,5
18104.0,3
18105.0,3
18107.0,5
18108.0,4
18110.0,3
18111.0,5
18113.0,5
18114.0,5
18115.0,5
18117.0,3
18119.0,5
18120.0,5
18121.0,4
18124.0,5
18126.0,3
18128.0,5
18129.0,5
18131.0,5
18132.0,5
18133.0,4
18134.0,4
18137.0,5
18138.0,5
18140.0,5
18141.0,4
18142.0,4
18143.0,4
18146.0,3
18147.0,3
18148.0,5
18152.0,5
18153.0,5
18155.0,3
18157.0,5
18159.0,5
18162.0,5
18163.0,5
18164.0,3
18165.0,5
18166.0,5
18169.0,3
18174.0,3
18175.0,5
18176.0,5
18182.0,5
18183.0,4
18184.0,3
18185.0,5
18186.0,5
18187.0,5
18190.0,4
18191.0,4
18192.0,3
18193.0,4
18195.0,5
18197.0,5
18199.0,5
18200.0,3
18201.0,5
18202.0,4
18203.0,4
18205.0,3
18206.0,5
18207.0,5
18208.0,5
18209.0,3
18212.0,4
18213.0,5
18214.0,4
18216.0,3
18218.0,4
18222.0,3
18224.0,5
18227.0,4
18228.0,3
18233.0,5
18234.0,5
18238.0,5
18240.0,3
18243.0,5
18244.0,4
18247.0,4
18248.0,4
18249.0,3
18250.0,5
18253.0,5
18254.0,5
18255.0,3
18256.0,5
18261.0,3
18262.0,4
18264.0,5
18265.0,3
18266.0,5
18267.0,5
18269.0,5
18270.0,3
18271.0,4
18274.0,3
18275.0,4
18278.0,3
18279.0,5
18280.0,4
18281.0,5
18282.0,3
18284.0,5
18285.0,5
18286.0,4
